{"cameraMode":{"drawMode":0,"name":"Shaded","section":"Shading Mode"},"sceneLighting":true,"audioPlay":false,"sceneViewState":{"m_AlwaysRefresh":false,"showFog":true,"showSkybox":true,"showFlares":true,"showImageEffects":true,"showParticleSystems":true,"showVisualEffectGraphs":true,"m_FxEnabled":true},"in2DMode":false,"pivot":{"x":0.00006937980651855469,"y":4.514739990234375,"z":5.502317428588867},"rotation":{"x":0.3448675572872162,"y":-0.07871631532907486,"z":0.02903721295297146,"w":0.9348939657211304},"size":12.069751739501954,"orthographic":false}